id,tweet
1,b'RT @AndyOstroy: @RadioFreeTom Absolutely. Given that we have a dangerous pathologically-lying sexist racist corrupt sociopath traitor squat\xe2\x80\xa6'
2,b'RT @mayawiley: #Trump says #DOJ should step in to help #Kavanaugh. THAT is NOT the job of the Justice department. What should have been it\xe2\x80\x99\xe2\x80\xa6'
3,b'RT @EnglishAlwaght: US \xe2\x80\x99Locked &amp; Loaded\xe2\x80\x99 for Response after Saudi Oil Strike\nhttps://t.co/V9uOFPSAFk\n#US  \n#Trump  \n#AramcoDroneStrike http\xe2\x80\xa6'
4,b'RT @AndyOstroy: @TheRickWilson Absolutely. Given that we have a dangerous pathologically-lying sexist racist corrupt sociopath traitor squa\xe2\x80\xa6'
5,b'RT @confunctionist: #Trump releasing oil from the #StrategicPetroleumReserve will do to renewables (and carbon the energy industry) what he\xe2\x80\xa6'
6,b'@s76l42 @itsJeffTiedrich @realDonaldTrump Apparently #Trump has deep personal financial interests with Saudi. They\xe2\x80\xa6 https://t.co/0ihWazpdrw'
7,"b'#Trump waiting to hear from #Riyadh on #Oil #ATTACK culprit, #USA \xe2\x80\x98locked &amp; loaded\xe2\x80\x99 to respond \xe2\x80\x94 RT World News https://t.co/ge2OT59YmO'"
8,b'Trump to join PM Modi in \xe2\x80\x98Howdy Modi\xe2\x80\x99 event| Diplomacy &amp;amp; Beyond Plus \n#pmmodi #trump #US #INDIA #president\xe2\x80\xa6 https://t.co/N8DxNhDcu8'
9,"b'RT @mikandynothem: Strangest thing...\xf0\x9f\xa4\x94 Conservative women who support #Trump are beautiful, happy and smiling. Women who hate the President\xe2\x80\xa6'"
10,b'RT @EnglishAlwaght: US \xe2\x80\x99Locked &amp; Loaded\xe2\x80\x99 for Response after Saudi Oil Strike\nhttps://t.co/V9uOFPSAFk\n#US  \n#Trump  \n#AramcoDroneStrike http\xe2\x80\xa6'
11,b'RT @AnIllicitWriter: 60 Fortune 500 Companies made $79 BILLION in profits in 2018 &amp; paid ZERO DOLLARS in Federal Income Taxes. \xf0\x9f\x91\x87\xf0\x9f\x8f\xbb\n\n#Billion\xe2\x80\xa6'
12,"b""RT @Manny_Funes: Ted Cruz says that  #Trump has broken the Democratic Party' \n\nI disagree. I think \n@tedcruz is wrong \n@realDonaldTrump has\xe2\x80\xa6"""
13,b'RT @rahas44: @realDonaldTrump #MAGA \xf0\x9f\x87\xba\xf0\x9f\x87\xb8\xf0\x9f\x87\xba\xf0\x9f\x87\xb8\xf0\x9f\x87\xba\xf0\x9f\x87\xb8\n\xe2\x9d\x8crestart opposition is being censored heavily by Media\xe2\x9d\x8cThey have been attacking patriotic sounds\xe2\x80\xa6'
14,"b""#Trump condemns the attack on the innocent oil in #SaudiArabia but he hasn't yet condemned the attack on the rights\xe2\x80\xa6 https://t.co/HJwjUJFxP3"""
15,"b'RT @Pankaj_Sharmas: So whoever managed to convince Trump to attend #HowdyModi, is a super intelligent diplomat! \n\nThis event will be on Sep\xe2\x80\xa6'"
16,"b""RT @Can2geterdone: #LouDobbs Slams #MittRomney For Refusing To Endorse #Trump For #2020: 'What Is Wrong With This Man?' \n(VIDEO)\n\nI have ZE\xe2\x80\xa6"""
17,b'RT @kharyp: Here\xe2\x80\x99s how badly #Trump lost his battle w the #KhizrKhan &amp; #GhazalaKhan https://t.co/wN084coC21 #TrumpSacrifice https://t.co/AQ\xe2\x80\xa6'
18,"b'RT @celticlas: ""Undeniable #Hypocrisy of people who once made #MoralCharacter &amp; especially #SexualFidelity central to their Political calcu\xe2\x80\xa6'"
19,b'@narendramodi @AmitShah @realDonaldTrump Bright future o kashmiris after removal of article 370\n\n#Trump\xe2\x80\xa6 https://t.co/lHcmFljU3H'
20,b'RT @zeusFanHouse: Here We Go Again:2020 #Democrats Call For #Impeaching #Kavanaugh After New Allegation Surfaces\n\nLeft renews efforts 2 rem\xe2\x80\xa6'
21,"b""RT @ThompsonToons: If you're not paying attention to what's happening in Saudi Arabia, you need to start. Like now. #Trump #IranWar #Irania\xe2\x80\xa6"""
22,"b""RT @StateOUAll: #trump is bad mentality and he can't even articulate why, just he's bad.\n\nWhat can I say, Another rich, black #democraticpa\xe2\x80\xa6"""
23,b'RT @WonderWoman2KAG: Why are #WeThePeople saddled w/ $300B debt of \n#Illegalimmigrants?\nTHEY should pay their debt to #American #taxpayers.\xe2\x80\xa6'
24,b'RT @AndyOstroy: @realDonaldTrump There has NEVER been a victim you\xe2\x80\x99ve supported (especially a woman) or an accused criminal (especially a m\xe2\x80\xa6'
25,"b'RT @AssangeMrs: This ""Q"" nonsense about my son Julian is a psop!\n\nDesigned to deter people from protesting to protect Julian\n\nThe #Trump ad\xe2\x80\xa6'"
26,b'RT @trumpytweeter: Almost 8 hours without any #Trump tweets! Covfefe.'
27,"b'This might just be an election strategy for Trump to lure the Indian voters in US but still, will send a lot of bur\xe2\x80\xa6 https://t.co/ArqjhcYvoF'"
28,"b""RT @maryhilliard45: #senatemajldrLiedAboutKavanaughDueProcess \n#KavanaughLied \n@senatemajldr covered for #Kavanaugh's lies.\nThe same as he\xe2\x80\xa6"""
29,"b'@realDonaldTrump Tricky but sticky #Trump tweet. waiting for verification in #US waiting for response from victim,\xe2\x80\xa6 https://t.co/TUnJ58M7An'"
30,b'US \xe2\x80\x99Locked &amp; Loaded\xe2\x80\x99 for Response after Saudi Oil Strike\nhttps://t.co/V9uOFPSAFk\n#US  \n#Trump  \n#AramcoDroneStrike https://t.co/ze9GUXJnfz'
31,"b""Had the most terrifying nightmare ever - Trump &amp; Bojo shook my hand for my birthday \xf0\x9f\x98\xb1 I'm still shaking \n\n#BoJo\xe2\x80\xa6 https://t.co/y33Fqniss9"""
32,"b'RT @WWG1WGAmerican: Trump is up $170,000 on the alleged transaction. \nSounds like someone is just a really good businessman. #TRUMP #WINNIN\xe2\x80\xa6'"
33,"b""RT @thenews_intl: Top stories of today, you shouldn't miss!\n\n1- Bad days gone as Pakistan moving towards economic stability: Hafeez Shaikh\xe2\x80\xa6"""
34,b'#Nigeria #news #foreign - Donald #Trump offers to delay tariff hike for two weeks https://t.co/UnQRemULKi'
35,b'The Bahamas Are Still Devastated From Hurricane Dorian. A Tropical Storm Could Make Things Worse READ MORE:\xe2\x80\xa6 https://t.co/vMR9vdWTOG'
36,b'And just like that Trump has spread his offensive tourettes to the DNC\n\nThis country has now officially began to re\xe2\x80\xa6 https://t.co/ffj4AD5BZU'
37,"b'RT @Pankaj_Sharmas: So whoever managed to convince Trump to attend #HowdyModi, is a super intelligent diplomat! \n\nThis event will be on Sep\xe2\x80\xa6'"
38,"b""In today's Morning Brief - #US accuses #Iran of attacks at #Saudi oil sites, #Trump and #Netanyahu discuss mutual d\xe2\x80\xa6 https://t.co/iP5yVVOvpi"""
39,b'@realDonaldTrump Picture of \xf0\x9f\xa4\xa1\xf0\x9f\xa4\xa1 with the \xf0\x9f\xa4\xa1\n[They] use Premeditated Psyop\n[They] use Division Tactics\n[They] use Cons\xe2\x80\xa6 https://t.co/fQ65eDvdRD'
40,b'RT @maryhilliard45: Every decision you make @realDonaldTrump will make your numbers drop.\nAdd this love relationship with Saudia Arabia wit\xe2\x80\xa6'
41,"b'@mpasswater @StevePasquale #Beto took a poll of all #NRA members, leaving out gun owners in #NYC who are demonized\xe2\x80\xa6 https://t.co/QcwJYXQNsf'"
42,b'RT @hredriders: @realDonaldTrump I voted for you and will gladly vote for you again. It would be an honor to be your friend and i would be\xe2\x80\xa6'
43,"b'RT @Pankaj_Sharmas: So whoever managed to convince Trump to attend #HowdyModi, is a super intelligent diplomat! \n\nThis event will be on Sep\xe2\x80\xa6'"
44,"b'RT @mikandynothem: Strangest thing...\xf0\x9f\xa4\x94 Conservative women who support #Trump are beautiful, happy and smiling. Women who hate the President\xe2\x80\xa6'"
45,b'Bloomberg on #SaudiArabia #oil facility attack:\n-5% of global oil supply disrupted.\n-disruption bigger than in 1990\xe2\x80\xa6 https://t.co/ShmvZ71CGk'
46,"b'RT @AssangeMrs: This ""Q"" nonsense about my son Julian is a psop!\n\nDesigned to deter people from protesting to protect Julian\n\nThe #Trump ad\xe2\x80\xa6'"
47,"b""#DemocratsHaveLostTheirDamnMinds. They're trying to keep the dream of #impeachment alive. Couldn't get #Trump on ma\xe2\x80\xa6 https://t.co/ckjPW2f3kt"""
48,"b'RT @RT_com: #Trump says #US believes it knows the culprit behind #Saudi oil attacks, is \xe2\x80\x98locked&amp;loaded\xe2\x80\x99 but would wait for \xe2\x80\x98verification\xe2\x80\x99 f\xe2\x80\xa6'"
49,b'RT @the_hindu: This is the first time in recent history that the leaders of the two largest democracies would be addressing a joint rally a\xe2\x80\xa6'
50,"b""RT @naimish9558: After Modi's Invitation, Trump be like\n#HowdyModi \n#trump https://t.co/tSWEVRq1nr"""
51,b'RT @BeholdIsrael: The Iranian foreign ministry just issued a statement that there will be no meeting between #Iran\xe2\x80\x99s President #Rouhani and\xe2\x80\xa6'
52,"b""RT @Can2geterdone: #LouDobbs Slams #MittRomney For Refusing To Endorse #Trump For #2020: 'What Is Wrong With This Man?' \n(VIDEO)\n\nI have ZE\xe2\x80\xa6"""
53,b'Well....#Trump https://t.co/mHe1UPGbzq'
54,b'RT @PHuberious: rachel maddow is an american hero. she is the equivalent of a american soldier on dday getting blown up into a million piec\xe2\x80\xa6'
55,"b'RT @Beaute_du_Noir: Trump is seriously, frighteningly unstable \xe2\x80\x93 the world is in danger | Donald #Trump | The Guardian https://t.co/N0t90bm\xe2\x80\xa6'"
56,"b""RT @sa_nightingale: Texans have Texas-sized response to Beto's questionable story alleging they would give up firearms \n\n#Trump #Trump2020\xe2\x80\xa6"""
57,"b""RT @crispalomino: #Trump is willing to distract us into possible war. He'll either go too far and drag us into war, or he'll find some way\xe2\x80\xa6"""
58,b'RT @the_hindu: This is the first time in recent history that the leaders of the two largest democracies would be addressing a joint rally a\xe2\x80\xa6'
59,"b""Forget Those F-35s: Could #Iran Crush Israel in a War?\xc2\xa0\xc2\xa0Yahoo News Iran's armed forces ranked thirteenth in the wor\xe2\x80\xa6 https://t.co/wwfyAbZUbH"""
60,"b""RT @PressTV: US 'locked and loaded depending on verification' of attack on Saudi oil facilities: #Trump https://t.co/GOQzDyCEqZ \n\n#SaudiAra\xe2\x80\xa6"""
61,b'#Iran increasing its uranium production is NOT evidence that Obama was naive to trust Iran by signing the nuclear d\xe2\x80\xa6 https://t.co/ZFtlXX3X1o'
62,"b'Good grief, how desperate are the #Trump troops becoming. https://t.co/EZYqhcO96X'"
63,"b""#Trump will attend Modi's rally in Houston, confirms White House\n\nRead more: https://t.co/EMbDcvuAGZ\n\n#TheNews\nhttps://t.co/Fd1ynHfQOo"""
64,b'RT @CordeliaSkyNews: .\xe2\x81\xa6@GretaThunberg\xe2\x81\xa9 joins young climate activists protesting outside the White House. The group is calling on the Trump\xe2\x80\xa6'
65,b'#EU to pursue web #tax plan alone if no global accord https://t.co/xxNMs1cttr #Facebook #Amazon #Twitter #law #EUlaw #Europe #Trump'
66,"b""RT @Can2geterdone: #LouDobbs Slams #MittRomney For Refusing To Endorse #Trump For #2020: 'What Is Wrong With This Man?' \n(VIDEO)\n\nI have ZE\xe2\x80\xa6"""
67,"b'RT @Pankaj_Sharmas: So whoever managed to convince Trump to attend #HowdyModi, is a super intelligent diplomat! \n\nThis event will be on Sep\xe2\x80\xa6'"
68,"b""RT @NYCREMilton: #lockedandloaded\n#Trump: #US 'locked and loaded' against attackers of #Saudi oil facility 'depending on verification' http\xe2\x80\xa6"""
69,b'RT @Shoppin34715077: Order here \xf0\x9f\x91\x87\n\nhttps://t.co/HAUDEi15x1\n.\n.\n.\n.\n.\n\xf0\x9f\x8e\x83 #Trump #Halloween #trumphalloween #Trump2020Landslide #Trumptshirtsh\xe2\x80\xa6'
70,b'@realDonaldTrump I voted for you and will gladly vote for you again. It would be an honor to be your friend and i w\xe2\x80\xa6 https://t.co/hC5tVKOyWO'
71,b'RT @BBCRajiniV: President #Trump will address the #HowdyModi rally with PM #Modi in #Texas next weekend. \n\nThis is a significant political\xe2\x80\xa6'
72,"b'They are ""trying to sound the #Alarm lawfully"".\n\nNot sure that will work with #Trump Administration\xe2\x80\xa6 https://t.co/9AOAsaAsYV'"
73,b'RT @AnIllicitWriter: \xf0\x9d\x97\xa7\xf0\x9d\x97\xb5\xf0\x9d\x97\xbf\xf0\x9d\x97\xb2\xf0\x9d\x97\xae\xf0\x9d\x97\xb1 |  \xf0\x9d\x97\x97\xf0\x9d\x97\xbc\xf0\x9d\x97\xbb\xf0\x9d\x97\xae\xf0\x9d\x97\xb9\xf0\x9d\x97\xb1 \xf0\x9d\x97\x9d. \xf0\x9d\x97\xa7\xf0\x9d\x97\xbf\xf0\x9d\x98\x82\xf0\x9d\x97\xba\xf0\x9d\x97\xbd: \xf0\x9f\x92\xb0\xf0\x9d\x97\x95\xf0\x9d\x97\xb6\xf0\x9d\x97\xb9\xf0\x9d\x97\xb9\xf0\x9d\x97\xb6\xf0\x9d\x97\xbc\xf0\x9d\x97\xbb \xf0\x9d\x97\x97\xf0\x9d\x97\xbc\xf0\x9d\x97\xb9\xf0\x9d\x97\xb9\xf0\x9d\x97\xae\xf0\x9d\x97\xbf \xf0\x9d\x97\x9f\xf0\x9d\x97\xbc\xf0\x9d\x98\x80\xf0\x9d\x97\xb2\xf0\x9d\x97\xbf\n\n#BillionDollarLoser #TrumpTaxes #TrumpIsAFraud #Trump #TheResistance\xe2\x80\xa6'
74,"b""RT @sa_nightingale: Texans have Texas-sized response to Beto's questionable story alleging they would give up firearms \n\n#Trump #Trump2020\xe2\x80\xa6"""
75,"b""RT @amjoyshow: .@RepMaxineWaters on #Trump: We've subpoenaed many of his operations https://t.co/h6gQgVdRxk via @amjoyshow"""
76,"b'RT @amjoyshow: #Trump\xe2\x80\x99s evangelical support scrutinized after allegations in @Politico\xe2\x80\x99s Jerry Falwell, Jr. expos\xc3\xa9 https://t.co/3VcSVqfixj\xe2\x80\xa6'"
77,"b'RT @mikandynothem: Strangest thing...\xf0\x9f\xa4\x94 Conservative women who support #Trump are beautiful, happy and smiling. Women who hate the President\xe2\x80\xa6'"
78,"b""RT @maryhilliard45: Don't dishonore this 2020 election by leaving this out.\nIt would make you and everyone else enablers of letting a #Pedo\xe2\x80\xa6"""
79,"b""#Iran says 'no plans' for Rouhani-#Trump meet on #UN sidelines\n\n#aramco"""
80,"b""RT @ricklevy67: @ScottMorrisonMP Channels #Trump When Directly Asked Why It Wasn't Racist To Call Sam Dastyari #ShanghaiSam But It Was To Q\xe2\x80\xa6"""
81,"b""RT @maryhilliard45: Just because she dropped the case does not mean it isn't true.\nIt means her life was threatened to drop the case by #Tr\xe2\x80\xa6"""
82,"b'RT @mikandynothem: Strangest thing...\xf0\x9f\xa4\x94 Conservative women who support #Trump are beautiful, happy and smiling. Women who hate the President\xe2\x80\xa6'"
83,"b'RT @maryhilliard45: Yes @JuddLegum , you left out one of the most important people that have accusations about #Trump: Katie Johnson aka: ~\xe2\x80\xa6'"
84,b'@sandipsabharwal #WTICrude can barely or struggling to hold above 60 ...\n#Saudi #Aramco says no shortage of supply\xe2\x80\xa6 https://t.co/IHAwqToSmA'
85,"b""#Trump says US 'locked and loaded' after Saudi Arabia attack, as oil prices soar. #Blog1600Penn #Iran \n\nhttps://t.co/FK3qlrmkpJ"""
86,b'RT @maryhilliard45: Every decision you make @realDonaldTrump will make your numbers drop.\nAdd this love relationship with Saudia Arabia wit\xe2\x80\xa6'
87,"b'RT @RT_com: #Trump says #US believes it knows the culprit behind #Saudi oil attacks, is \xe2\x80\x98locked&amp;loaded\xe2\x80\x99 but would wait for \xe2\x80\x98verification\xe2\x80\x99 f\xe2\x80\xa6'"
88,"b""@geekeducator But she knows #Trump is a child molester so she might not want him putting his hand on her daughters Brett don't give a damn!"""
89,b'RT @BBCRajiniV: It\xe2\x80\x99s also a key moment given everything that\xe2\x80\x99s happening in #Kashmir right now. It\xe2\x80\x99s a huge win for #Modi to have #Trump ap\xe2\x80\xa6'
90,"b'Thanks to the synergy b/w #Trump and #Erdogan, the Turkish-US crisis has progressed in slow motion thus far -\xe2\x80\xa6 https://t.co/s8oZNg5O24'"
91,"b'RT @mikandynothem: Strangest thing...\xf0\x9f\xa4\x94 Conservative women who support #Trump are beautiful, happy and smiling. Women who hate the President\xe2\x80\xa6'"
92,"b""RT @thenews_intl: Top stories of today, you shouldn't miss!\n\n1- Bad days gone as Pakistan moving towards economic stability: Hafeez Shaikh\xe2\x80\xa6"""
93,"b""RT @Manny_Funes: Ted Cruz says that  #Trump has broken the Democratic Party' \n\nI disagree. I think \n@tedcruz is wrong \n@realDonaldTrump has\xe2\x80\xa6"""
94,"b'This scary woman combines the callous meanness of her father and a love of male authority figures with an arrogant,\xe2\x80\xa6 https://t.co/o8ZSitc1Ng'"
95,b'RT @jsblokland: Bloomberg on #SaudiArabia #oil facility attack:\n-5% of global oil supply disrupted.\n-disruption bigger than in 1990 when #I\xe2\x80\xa6'
96,"b""RT @chodakrmi: Iran's regime sentenced Saba Kord Afshari to 24 years of prison for taking off her headscarf.\nAnd French President Emmanuel\xe2\x80\xa6"""
97,b'RT @Solitarnesque: @labour_lives @TrashMcNish @eldiablo0786 @visit_bham @BhamCityCouncil @BHeritageWeek @jessphillips @politicalhackuk @Mor\xe2\x80\xa6'
98,b'@mcspocky #Trump probably knows the culprits on a first name basis. Eerie glowing globe &amp; all.'
99,"b""RT @AndyOstroy: .@brithume...how do you know it's a smear? Nothing's been investigated yet. In prejudging like this, you are 'smearing' the\xe2\x80\xa6"""
100,"b'RT @mikandynothem: Strangest thing...\xf0\x9f\xa4\x94 Conservative women who support #Trump are beautiful, happy and smiling. Women who hate the President\xe2\x80\xa6'"
101,b'RT @rahas44: @realDonaldTrump #MAGA \xf0\x9f\x87\xba\xf0\x9f\x87\xb8\xf0\x9f\x87\xba\xf0\x9f\x87\xb8\xf0\x9f\x87\xba\xf0\x9f\x87\xb8\n\xe2\x9d\x8crestart opposition is being censored heavily by Media\xe2\x9d\x8cThey have been attacking patriotic sounds\xe2\x80\xa6'
102,"b'RT @Jews4Trump: From @IsraeliPM to @POTUS @realDonaldTrump:\n\n""Together, we will continue full steam ahead with our common battle against te\xe2\x80\xa6'"
103,b'RT @RN_JB7: Tech Giant determine to stop #Trump\xe2\x80\x99s re-election in 2020 \xe2\x80\x94 Exclusive: Google Insider Turns Over 950 Pages Of Docs And Laptop T\xe2\x80\xa6'
104,"b""Top stories of today, you shouldn't miss!\n\n1- Bad days gone as Pakistan moving towards economic stability: Hafeez S\xe2\x80\xa6 https://t.co/N6Pc17Q5tr"""
105,b'RT @the_hindu: This is the first time in recent history that the leaders of the two largest democracies would be addressing a joint rally a\xe2\x80\xa6'
106,b'RT @maryhilliard45: Every decision you make @realDonaldTrump will make your numbers drop.\nAdd this love relationship with Saudia Arabia wit\xe2\x80\xa6'
107,"b'RT @BuzzlyIn: #Trump &amp; #Modi to address 50,000 Indian-Americans at \xe2\x80\x98#HowdyModi\xe2\x80\x99 mega event in Houston\n https://t.co/8DWXGBcFB6'"
108,"b""RT @AnIllicitWriter: Infographics | The Management Mistakes of Trump \xe2\x80\xa2 Trump's Bankruptcies: A Timeline\n\n#RacistPresident #RacistTrump #Rac\xe2\x80\xa6"""
109,b'The Fearless Generation: Russian Youth Stand Up to the State https://t.co/GQpT5plscK via @SPIEGELONLINE\xe2\x80\xa6 https://t.co/oQSaI7cl8u'
110,b'RT @mayawiley: #Trump who has been accused by of #sexualmisconduct including #rape by abt 2 dozen women over the yrs : ...\xe2\x80\x9dyou\xe2\x80\x99ve got to de\xe2\x80\xa6'
111,"b'RT @Pankaj_Sharmas: So whoever managed to convince Trump to attend #HowdyModi, is a super intelligent diplomat! \n\nThis event will be on Sep\xe2\x80\xa6'"
112,b'@Cordicon @starknightz @realDonaldTrump When they all loved #Trump'
113,b'Nah fr y\xe2\x80\x99all kill me with that \xe2\x80\x9cI really like you and I wanna be with you \xe2\x80\x9c bs \xf0\x9f\x99\x84 \n#boybye \xf0\x9f\x98\x82\xf0\x9f\x92\x80 #RT #like #ti #trump https://t.co/SeGn5cxk5c'
114,"b'RT @StateOUAll: Hey #CNN, #MSNBC and #DemocraticParty, I thought you said we were going into a #recession? \n\nA few weeks ago all you heard\xe2\x80\xa6'"
115,b'Every decision you make @realDonaldTrump will make your numbers drop.\nAdd this love relationship with Saudia Arabia\xe2\x80\xa6 https://t.co/oBwEB1TBEz'
116,"b'Hey #CNN, #MSNBC and #DemocraticParty, I thought you said we were going into a #recession? \n\nA few weeks ago all yo\xe2\x80\xa6 https://t.co/rx0ikDspG9'"
117,"b'Found it! (They were close enough, so very sadly)\n\n#Trump\n#SaudiOil\nhttps://t.co/edZGpCoSNp'"
118,"b""RT @AnIllicitWriter: Infographics | Trump Casinos: Art of the Reel \xe2\x80\xa2 Guide to Donald Trump's Business Career \n\n#RacistPresident #RacistTrum\xe2\x80\xa6"""
119,"b'RT @i24NEWS_EN: #Trump fully aware that Tehran behind #SaudiAttack, wants #SaudiArabia to acknowledge that before acting, official says\n\nht\xe2\x80\xa6'"
120,"b""RT @EconomicTimes: #Trump to join PM #Modi at 'Howdy, Modi!' event in Houston | https://t.co/uP0bQrbvbU https://t.co/aBc75wjBMk"""
121,b'RT @detachedaz: Join #CloserFamily \xf0\x9f\x92\x9e\xf0\x9f\x92\xafhttps://t.co/ypUDB3AtDG M-F @ MIDNIGHT and Closing Time FRI at 4pm ET\xf0\x9f\x8c\x90NEWS &amp; all things \xf0\x9f\x87\xba\xf0\x9f\x87\xb8 #TRUMP \n#Cl\xe2\x80\xa6'
122,"b'RT @mikandynothem: Strangest thing...\xf0\x9f\xa4\x94 Conservative women who support #Trump are beautiful, happy and smiling. Women who hate the President\xe2\x80\xa6'"
123,"b'RT @chrisoldcorn: Green New Deal: Key Principles, Supporters, and Opponents - via @smedian_network\n\n.@Medium #medium #blog #essay #news #po\xe2\x80\xa6'"
124,"b'""I did try to fuck her. She was married."" -Donald Trump #POTUS #DonaldTrump #Trump #TrumpProtest'"
125,"b'RT @DavidJHarrisJr: Proof it\xe2\x80\x99s all about emotion to liberals! I\xe2\x80\x99m not a small guy, and she was afraid of my @realDonaldTrump hat! \n\nAre You\xe2\x80\xa6'"
126,b'RT @AssangeMrs: @Dillon2592 Incorrect! \n\nThere are many #Trump supporters fighting in #TeamAssange! \n\nANYONE can &amp; should condemn &amp; protest\xe2\x80\xa6'
127,"b'RT @tara21478912: #Omar has a lot of nerve talking about anyone\xe2\x80\x99s future legal problems. Campaign fraud, immigration fraud, bigotry. \n\nIlha\xe2\x80\xa6'"
128,"b'RT @AssangeMrs: This ""Q"" nonsense about my son Julian is a psop!\n\nDesigned to deter people from protesting to protect Julian\n\nThe #Trump ad\xe2\x80\xa6'"
129,"b""#Iran says 'no plans' for #Rouhani- #Trump meet on #UN sidelines https://t.co/MMYgdrgTJ0"""
130,"b'RT @SharmaKhemchand: Dear Friends,\n\nLet join hands with #Texas_India_Forum to welcome H.H. President @realDonaldTrump to \xe2\x80\x9cHowdy, Modi! Shar\xe2\x80\xa6'"
131,"b'Trump is seriously, frighteningly unstable \xe2\x80\x93 the world is in danger | Donald #Trump | The Guardian https://t.co/N0t90bmKYJ'"
132,"b'#Trump &amp; #Modi to address 50,000 Indian-Americans at \xe2\x80\x98#HowdyModi\xe2\x80\x99 mega event in Houston\n https://t.co/8DWXGBcFB6'"
133,b'#Rouhani says Iran to end some commitments to nuclear deal #Trump https://t.co/3KQ8qMtIk2'
134,"b""@AJEnglish Attacks on Saudi oil installations and oil tankers seems as another 9/11. #Trump's Eye on Iran. @ABC"""
135,"b""Tulsi Gabbard Calls Out President #Trump For Being 'Locked and Loaded' - Sep 16 @ 3:07 AM ET https://t.co/mRFVM2csHM"""
136,"b""RT @Manny_Funes: Ted Cruz says that  #Trump has broken the Democratic Party' \n\nI disagree. I think \n@tedcruz is wrong \n@realDonaldTrump has\xe2\x80\xa6"""
137,b'RT @BeholdIsrael: The Iranian foreign ministry just issued a statement that there will be no meeting between #Iran\xe2\x80\x99s President #Rouhani and\xe2\x80\xa6'
138,"b'If America Deploys Short Range Nukes On Russias Border, Will Russia Deploy Nukes In Latin America?\xe2\x80\xa6 https://t.co/PFTSkWVQB3'"
139,b'#World in hands of a person #Trump who cant even tolerate #NOAA scientific prediction for #Hurricane coz he drew Al\xe2\x80\xa6 https://t.co/ufjkv92nHF'
140,b'They hate #Trump so much because he knows their #Evil schemes. #Insane #deepstate want to collapse the economy to h\xe2\x80\xa6 https://t.co/s6fGbIibP4'
141,"b'@KHShan True, but #Trump was unlikely to lift sanctions on Iran, as demonizing that country is key to his\xe2\x80\xa6 https://t.co/kAnLX75r0y'"
142,b'RT @zeusFanHouse: Here We Go Again:2020 #Democrats Call For #Impeaching #Kavanaugh After New Allegation Surfaces\n\nLeft renews efforts 2 rem\xe2\x80\xa6'
143,"b""Attacks on Saudi oil installations and oil tankers seems as another 9/11. #Trump's Eye on Iran."""
144,"b""RT @Manny_Funes: Ted Cruz says that  #Trump has broken the Democratic Party' \n\nI disagree. I think \n@tedcruz is wrong \n@realDonaldTrump has\xe2\x80\xa6"""
145,b'RT @triskeleweb: @ishat_reza When he doesn\xe2\x80\x99t want answer he obfuscates and then attacks Trudeau. What is it with #ScheerObfuscation and his\xe2\x80\xa6'
146,"b""RT @naimish9558: After Modi's Invitation, Trump be like\n#HowdyModi \n#trump https://t.co/tSWEVRq1nr"""
147,b'\xe2\x80\x9cTo War to War (\xe2\x80\x98cause I can)\xe2\x80\x9d\nSaid #Trump to leaders of Iran\nHe\xe2\x80\x99ll send youngsters to fight\nTo demo the might\nOf t\xe2\x80\xa6 https://t.co/yejHWCiNtI'
148,b'RT @morphonios: I want to thank #Trump supporters from the bottom of my heart.  I cannot think of a better way you could have protected my\xe2\x80\xa6'
149,"b""RT @crispalomino: #Trump is willing to distract us into possible war. He'll either go too far and drag us into war, or he'll find some way\xe2\x80\xa6"""
150,b'RT @amjoyshow: .@RepMaxineWaters: All six committees that are investigating are going to come up with the reasons why they think #Trump sho\xe2\x80\xa6'
151,b'@ishat_reza When he doesn\xe2\x80\x99t want answer he obfuscates and then attacks Trudeau. What is it with #ScheerObfuscation\xe2\x80\xa6 https://t.co/0gDCQk1reh'
152,"b""RT @AndyOstroy: .@brithume...how do you know it's a smear? Nothing's been investigated yet. In prejudging like this, you are 'smearing' the\xe2\x80\xa6"""
153,b'RT @rahas44: @realDonaldTrump #MAGA \xf0\x9f\x87\xba\xf0\x9f\x87\xb8\xf0\x9f\x87\xba\xf0\x9f\x87\xb8\xf0\x9f\x87\xba\xf0\x9f\x87\xb8\n\xe2\x9d\x8crestart opposition is being censored heavily by Media\xe2\x9d\x8cThey have been attacking patriotic sounds\xe2\x80\xa6'
154,b'RT @awesomeseminars: Poll: #Trump Approval Dips Among Republicans https://t.co/49JGyTYi4D via @ein_news'
155,b'@renato_mariotti @UROCKlive1 for the same reason #Trump has been using #foreign #agents &amp; #agencies determine\xe2\x80\xa6 https://t.co/ft68r8b2FP'
156,b'@essenviews \xf0\x9f\x98\x82\xf0\x9f\x98\x82\xf0\x9f\x98\x82\xf0\x9f\x87\xb7\xf0\x9f\x87\xba\xf0\x9f\x87\xb7\xf0\x9f\x87\xba\xf0\x9f\x87\xb7\xf0\x9f\x87\xba\xf0\x9f\xa4\xa5\xf0\x9f\xa4\xa5\xf0\x9f\xa4\xa5\xf0\x9f\x87\xb7\xf0\x9f\x87\xba\xf0\x9f\x87\xb7\xf0\x9f\x87\xba\xf0\x9f\x87\xb7\xf0\x9f\x87\xba\xf0\x9f\x98\x82\xf0\x9f\x98\x82\xf0\x9f\x98\x82Seems like #trump has broken the #Republican Party! The @GOP\xf0\x9f\x98\x82\xf0\x9f\x98\x82\xf0\x9f\x98\x82!'
157,b'RT @jsblokland: Bloomberg on #SaudiArabia #oil facility attack:\n-5% of global oil supply disrupted.\n-disruption bigger than in 1990 when #I\xe2\x80\xa6'
158,b'RT @Aryanwarlord: #Trump plans to use the popularity of #modi as a stepping stone towards winning 2020. https://t.co/8kNJQ0ZE9T'
159,"b""RT @linda_wed1: THIS\xf0\x9f\x91\x87\xf0\x9f\x8f\xbcyou must listen to the sweeping summary and indictment of #POTUS Donald J. #Trump's crime spree, and his unethical &amp;\xe2\x80\xa6"""
160,b'#Trump is an unstable man and any leader or individual close to him can misuse him... just in case of recent progre\xe2\x80\xa6 https://t.co/szoU9GtwES'
161,b'Wow\n#Iran launched nearly a DOZEN cruise missiles and over 20 DRONES  from its territory in the attack on a key\xe2\x80\xa6 https://t.co/nQRxuPGQ5m'
162,"b'RT @patcaudle2: #Trump ""Locked &amp; Loaded"" for #Iran over Saudi Arabia (claimed by Houthis ) https://t.co/q3jC0WxLaa'"
163,b'RT @AnIllicitWriter: Infographic | Trump Business Failures\n\n#RacistPresident #RacistTrump #RacistInChief #ImpeachNow #QAnon #Resist #TrumpI\xe2\x80\xa6'
164,"b""@Susan_Hennessey Well he's part of #TrumpSwamp and It's pretty obvious they are emboldened by #trump a lawless rapi\xe2\x80\xa6 https://t.co/lfS3O5Xcpa"""
165,b'@LouDobbs voters are not going to let you forget or ignore the 2016 child rape lawsuit against #TrumpEpstein.\xe2\x80\xa6 https://t.co/LVLWvOj26M'
166,"b'#joncoopertweets just posted: ""RT grantstern: After Maine voters oust SenatorCollins, the history books will reflec\xe2\x80\xa6 https://t.co/Jm0Maf1w6r'"
167,"b""RT @naimish9558: After Modi's Invitation, Trump be like\n#HowdyModi \n#trump https://t.co/tSWEVRq1nr"""
168,"b'RT @AndyOstroy: @realDonaldTrump Says the worst negotiator in the history of dealmaking. How\xe2\x80\x99s that #China deal coming along, Sparky? Or #U\xe2\x80\xa6'"
169,b'Leap Vapor \xe2\x80\x93 Leap Pod System Review  \n\nhttps://t.co/UZ2b1aPebz\n\n#vape #vaping #ecigs #ecig #vape\xe6\x94\xbe\xe5\x87\xba #vapersunite\xe2\x80\xa6 https://t.co/LmgAJYFdrY'
170,"b'RT @SmashAlley59: @MZHemingway This is ALL about warning the next #Trump pick for #SCOTUS when #RGB dies (any second) that ""YOU TOO"" will b\xe2\x80\xa6'"
171,b'RT @i24NEWS_EN: #BREAKING: Iran says there will be no meeting between #Rouhani and #Trump at the UN General Assembly\nhttps://t.co/w4cFGMyaQn'
172,"b'RT @Caerage: Where we are at:\n\nThe #TrumpAdministration blames Iran for the attack on an oil refinery in KSA. \n\nWe The People, have no idea\xe2\x80\xa6'"
173,"b""RT @morphonios: Don't think #Trump is controlled by #Netanyahu? Just read what this Jewish publication had to say today. Netanyahu clearly\xe2\x80\xa6"""
174,"b'RT @AndyOstroy: @realDonaldTrump BULLSHIT. You are fighting reality, truth, the law and justice. And it\xe2\x80\x99ll all catch up to you soon when yo\xe2\x80\xa6'"
175,b'RT @AminaSadiq9: #Trump has said he does not believe #Israel is #spying on the #US after a published report said Israel was most likely beh\xe2\x80\xa6'
176,b'RT @samwessexgirl: Here\xe2\x80\x99s another beauty! The brilliant @BBCJonSopel is my guest on Look! Listen! Learn! this evening 6-7pm @BBCRadioSolent\xe2\x80\xa6'
177,b'RT @the_hindu: This is the first time in recent history that the leaders of the two largest democracies would be addressing a joint rally a\xe2\x80\xa6'
178,b'@RepAdamSchiff .A. Apparently Trump wants to be a true Tyrant.\n\nB. Trump succeeded in installing a DOJ who wants to\xe2\x80\xa6 https://t.co/5uZnUYi5to'
179,"b""RT @Koichi006: #music #sun #sky #dog #Trump #iPhone #PokemonGo #followme #iPhoneJP #photography Japan's ballot failed to print https://t.co\xe2\x80\xa6"""
180,"b'RT @coalchild: RT @rjdunfee: A #MAGA Hat can come in really handy, when you forget your Klan hood at the dry cleane\xe2\x80\xa6 https://t.co/CRHgJACffF'"
181,"b'RT @Ripley1923: RT @mikandynothem: Strangest thing...\xf0\x9f\xa4\x94 Conservative women who support #Trump are beautiful, happy a\xe2\x80\xa6 https://t.co/BVJNwtZY1V'"
182,"b""RT @amjoyshow: .@RepMaxineWaters on #Trump: We've subpoenaed many of his operations https://t.co/h6gQgVdRxk via @amjoyshow"""
183,b'RT @the_hindu: This is the first time in recent history that the leaders of the two largest democracies would be addressing a joint rally a\xe2\x80\xa6'
184,"b'RT @sanailing: @SenWhitehouse #KavanaughLied #KavanaughResign Brett Kavanaugh needs to be impeached. All the Senators who voted ""yes"" for #\xe2\x80\xa6'"
185,b'Question \n\nOf the first questions I\xe2\x80\x99m asked about the most when I\xe2\x80\x99m Love is not how I feel about #Trump as Presiden\xe2\x80\xa6 https://t.co/q8k6GzdiFb'
186,"b'RT @YodaCon: Teacher: A student stole my car and received no discipline from the school, cops \nhttps://t.co/NIm13wajXm \n#MAGA #TRUMP'"
187,b'RT @Trendy2Trendy2: Test Now-https://t.co/uKx7X8P17f\n#64MPQuadCameraXpert #NivethaPethuraj #Pokemon #\xe0\xae\x8e\xe0\xae\xa9\xe0\xaf\x8d\xe0\xae\xb1\xe0\xaf\x81\xe0\xae\xae\xe0\xaf\x8d_\xe0\xae\xa4\xe0\xae\xb2\xe0\xae\x85\xe0\xae\x9c\xe0\xae\xbf\xe0\xae\xa4\xe0\xaf\x8d #MondayMotivation #Tru\xe2\x80\xa6'
188,"b""Fact Check: #Trump on Ford's testimony - Sep 16 @ 3:03 AM ET https://t.co/0NiauR9Jim"""
189,"b'RT @rjdunfee: A #MAGA Hat can come in really handy, when you forget your Klan hood at the dry cleaners. #WhiteSupremacistTerrorism #WhiteSu\xe2\x80\xa6'"
190,b'RT @the_hindu: This is the first time in recent history that the leaders of the two largest democracies would be addressing a joint rally a\xe2\x80\xa6'
191,b'#US President Donald #Trump on Monday said American forces are ready to strike back at whoever was behind the recen\xe2\x80\xa6 https://t.co/B0CgSFliZj'
192,b'Trending Now: \r\r#Trump | #Saudi | #Oil | #After | #Iran | #Attacks | #Attack | #Against | #Democratic | #Kavanaugh\xe2\x80\xa6 https://t.co/U9mhTEPmew'
193,b'#Trump told Saudi Arabia\xe2\x80\x99s crown prince that Washington was ready to cooperate with the kingdom to protect its secu\xe2\x80\xa6 https://t.co/cQxcjPnJbX'
194,"b'RT @mikandynothem: Strangest thing...\xf0\x9f\xa4\x94 Conservative women who support #Trump are beautiful, happy and smiling. Women who hate the President\xe2\x80\xa6'"
195,b'RT @NYCREMilton: #lockedandloaded\n#Trump: We know the culprit behind attack on #Saudi #oil facilities https://t.co/sxBmAxz1gR'
196,b'RT @mayawiley: #Trump says #DOJ should step in to help #Kavanaugh. THAT is NOT the job of the Justice department. What should have been it\xe2\x80\x99\xe2\x80\xa6'
197,b'RT @the_hindu: This is the first time in recent history that the leaders of the two largest democracies would be addressing a joint rally a\xe2\x80\xa6'
198,b'RT @samwessexgirl: Here\xe2\x80\x99s another beauty! The brilliant @BBCJonSopel is my guest on Look! Listen! Learn! this evening 6-7pm @BBCRadioSolent\xe2\x80\xa6'
199,"b'@DearAuntCrabby @LindseyGrahamSC Also wondering what #DonaldTrump said to you when you played golf with him, Lindse\xe2\x80\xa6 https://t.co/v7z8yDT97X'"
200,"b""RT @IGAus: Oil prices speak on alleged attack by Iran on Saudi oil facilities. IG Market Analyst @KyleR_IG discusses the event's initial im\xe2\x80\xa6"""
201,"b'What\xe2\x80\x99s America coming too? Our foreign policy this weekend is being dictated by #Riyadh, while #Trump  and Democrat\xe2\x80\xa6 https://t.co/e91eVLBq4h'"
202,"b'#Trump #Trump2020 #MAGA #KAG #POTUS \nSince the latest ATTACKS by #Taliban mean any Talks with them are DEAD, so too\xe2\x80\xa6 https://t.co/xs2yhJHYP6'"
203,b'#BREAKING\nThe president #Trump says the #US is targeted and armed to retaliate Iran missile attacks\nMy take: this i\xe2\x80\xa6 https://t.co/pSQCdrbeGV'
204,b'RT @Iran_Military: #Trump: #Saudi will export more oil to compensate for sanctioned Iranian #oil.\n\n[A single #Yemeni #drone attack knocks o\xe2\x80\xa6'
205,"b'US ""locked and loaded"" to respond to attack on Saudi oil: Trump #Politics #Political #Trump https://t.co/3AN2aboHNN'"
206,b'Iranian Foreign Ministry spokesman:\nA meeting between #Rouhani &amp; #Trump in #NY is not on the agenda https://t.co/sgf5sQ5CGD'
207,"b""Don't dishonore this 2020 election by leaving this out.\nIt would make you and everyone else enablers of letting a\xe2\x80\xa6 https://t.co/MFG51fT6Y3"""
208,b'RT @zeusFanHouse: Here We Go Again:2020 #Democrats Call For #Impeaching #Kavanaugh After New Allegation Surfaces\n\nLeft renews efforts 2 rem\xe2\x80\xa6'
209,"b'RT @amjoyshow: #Trump\xe2\x80\x99s evangelical support scrutinized after allegations in @Politico\xe2\x80\x99s Jerry Falwell, Jr. expos\xc3\xa9 https://t.co/3VcSVqfixj\xe2\x80\xa6'"
210,"b""Just because she dropped the case does not mean it isn't true.\nIt means her life was threatened to drop the case by\xe2\x80\xa6 https://t.co/iK8Gln2K9o"""
211,"b""RT @ricklevy67: @ScottMorrisonMP Channels #Trump When Directly Asked Why It Wasn't Racist To Call Sam Dastyari #ShanghaiSam But It Was To Q\xe2\x80\xa6"""
212,"b'Yes @JuddLegum , you left out one of the most important people that have accusations about #Trump: Katie Johnson ak\xe2\x80\xa6 https://t.co/zZDyVD8FJp'"
213,b'RT @jsblokland: Bloomberg on #SaudiArabia #oil facility attack:\n-5% of global oil supply disrupted.\n-disruption bigger than in 1990 when #I\xe2\x80\xa6'
214,b'TRUMP-OLUSCO \nTRUMP-OLLUSK\n#TRUMP \n#molusco #mollusk\n#mejillon #mussels\n#cuentagram https://t.co/mHfR4iwfsS'
215,"b'The biggest carbon emitters have not stopped. \n\nThe number of cars has increased, esp in the low to medium income c\xe2\x80\xa6 https://t.co/irnm0VF6pZ'"
216,b'RT @AnIllicitWriter: Citizens for Ethics | Trump Business Dealings Connected with Russia\n\n#TrumpRally #Resist #TrumpSlump #TrumpIsARacist #\xe2\x80\xa6'
217,"b'RT @HumanRi93949904: I wish people could live without war and hate...\nThese children have no life, any help?!\n#YemenCantWait #YemenGenocide\xe2\x80\xa6'"
218,b'RT @BeholdIsrael: The Iranian foreign ministry just issued a statement that there will be no meeting between #Iran\xe2\x80\x99s President #Rouhani and\xe2\x80\xa6'
219,b'@CuomoPrimeTime @Maddow @TheLastWord @Lawrence\n@jaketapper @AC360 Lets B transparent 2 americans. Beating #trump wo\xe2\x80\xa6 https://t.co/aMl9vast6p'
220,"b""News flash on tx3 : #aramco plant is still target pt .. warned of possible further attacks .. may be that's why rea\xe2\x80\xa6 https://t.co/loUDd8Bbz4"""
221,"b'""Like any good business we respect our clients\' privacy"" - #trump https://t.co/94dwKitfKh'"
222,b'Tuesday\xe2\x80\x99s Antitrust Hearing Offers Rare Chance For Tech Questions \nhttps://t.co/57Vpl8C6Or \n#MAGA #TRUMP'
223,b'Beto The Furry Is Less Amusing When He Calls For Violence Against American Citizens \nhttps://t.co/xuMeGqGWvU \n#MAGA #TRUMP'
224,"b""Pelosi's Plan for Drug Pricing Is Not What the Doctor Ordered \nhttps://t.co/jZg4W3BP1C \n#MAGA #TRUMP"""
225,b'What\xe2\x80\x99s All the Fuss Over Vaping? \nhttps://t.co/yO9aNlh19B \n#MAGA #TRUMP'
226,"b""Socialism Offers 'Free' Entitlements, if You Are Willing to Pay for Them \nhttps://t.co/SVfDvDgSx4 \n#MAGA #TRUMP"""
227,"b'Leftists Won\xe2\x80\x99t Be Going \xe2\x80\x98Door-To-Door\xe2\x80\x99 To Take Your Guns, Because They Won\xe2\x80\x99t Have To \nhttps://t.co/uJ4zFozqnX \n#MAGA #TRUMP'"
228,"b'#US experts hail #Trump\'s decision on joining #Modi in #Houston for ""Howdy, Modi!"" https://t.co/FBlCne3dr1'"
229,"b'RT @electroboyusa: @LAmag @allensalkin Great job, @allensalkin -- I think after reading the @LAmag piece about his failure as a Hollywood m\xe2\x80\xa6'"
230,b'RT @BBCRajiniV: I\xe2\x80\x99ve been to both #Trump and #Modi rallies. Both men operate in similar in many ways. In the way they inspire crowd loyalty\xe2\x80\xa6'
231,b'RT @mayawiley: #Trump who has been accused by of #sexualmisconduct including #rape by abt 2 dozen women over the yrs : ...\xe2\x80\x9dyou\xe2\x80\x99ve got to de\xe2\x80\xa6'
232,b'Finally this camp started to believe that denying the Iranian involvement in the attacks is quite ridiculous..Inste\xe2\x80\xa6 https://t.co/XJQbZTwNXh'
233,"b'@iamjohnoliver To be fair, my house cats actually do give a shit a hell of a lot more than the #POTUS\xe2\x80\xa6 https://t.co/x1azI3OPxv'"
234,b'RT @AnIllicitWriter: Citizens for Ethics | Most Frequent Executive Branch Visitors to Trump Businesses  \n\n@CREWcrew #LiarInChief #ImpeachTr\xe2\x80\xa6'
235,"b""@IndianEmbassyUS @USAndIndia @harshvshringla The Texas India Forum's press release on Trump attending the\xe2\x80\xa6 https://t.co/wZuDLS8uyR"""
236,"b'""all #lies, plain and simple"" - how #Emory #University (#Atlanta, #Georgia) #agents ""defend"" their  #conspiracy in\xe2\x80\xa6 https://t.co/ujiuZBGixo'"
237,"b""#Trump Says US 'Locked and Loaded' After Saudi Arabia Attack, As Oil Prices Soar https://t.co/UYnL5ycw4G via @ein_news"""
238,b'RT @AnIllicitWriter: Citizens for Ethics | Private Prison Donations Supporting Donald Trump: GEO Group\n\n@CREWcrew #LiarInChief #ImpeachTrum\xe2\x80\xa6'
239,"b""RT @naimish9558: After Modi's Invitation, Trump be like\n#HowdyModi \n#trump https://t.co/tSWEVRq1nr"""
240,b'RT @AnIllicitWriter: Citizens for Ethics | Members of Congress Who have Spent Campaign Funds at Trump Properties Since Trump Took Office\n\n@\xe2\x80\xa6'
241,"b'RT @ZainabFattah: After the attack on #Saudi Arabia, what are Mohammed bin Salman\xe2\x80\x99s options and which is he likely to deploy? https://t.co/\xe2\x80\xa6'"
242,"b'#millennials..please listen to the voice of reason for a second..the more weird,and ignorant that you get,the more\xe2\x80\xa6 https://t.co/VPQ5Gkzact'"
243,"b'""This is how the slide to autocracy happens. And it\xe2\x80\x99s happening here as we speak. If you aren\xe2\x80\x99t worried about the f\xe2\x80\xa6 https://t.co/OXpbzPBIag'"
244,b'Here\xe2\x80\x99s another beauty! The brilliant @BBCJonSopel is my guest on Look! Listen! Learn! this evening 6-7pm\xe2\x80\xa6 https://t.co/CrCiPdlIcO'
245,b'RT @RajeevthePawar: Given the massive move in #crude today it would be interesting to see the impact of previous major disruptions. \n#oil #\xe2\x80\xa6'
246,"b'News JAM - Your news for the day, in Just A Minute#\n\n#INDvSA #HowdyModi #Modi #Trump #Houston #OilPrices\xe2\x80\xa6 https://t.co/LqmZVpV07s'"
247,"b'#BEDATIFY #BOT: Analysis of #trump tweets\ntop hashtags (last hour): #howdymodi, #iran, #impeachtrump, #breaking,\xe2\x80\xa6 https://t.co/qqhECUbJ6e'"
248,b'Almost 8 hours without any #Trump tweets! Covfefe.'
249,"b'RT @AssangeMrs: This ""Q"" nonsense about my son Julian is a psop!\n\nDesigned to deter people from protesting to protect Julian\n\nThe #Trump ad\xe2\x80\xa6'"
250,b'RT @purplemeatballs: @CaliNeedsHelp I got my ticket to ride the #MAGA #2020Election #Trump Train. https://t.co/59nOtW4gOj'
251,b'RT @the_hindu: This is the first time in recent history that the leaders of the two largest democracies would be addressing a joint rally a\xe2\x80\xa6'
252,b'Poll: #Trump Approval Dips Among Republicans https://t.co/49JGyTYi4D via @ein_news'
253,"b'2/3:  #scotus legitimacy #clarencethomas #trump #kavanaugh #metoo #Impeachment, ""the Hill-Thomas imbroglio for a bo\xe2\x80\xa6 https://t.co/GxM95T4IGY'"
254,"b""RT @AndyOstroy: .@brithume...how do you know it's a smear? Nothing's been investigated yet. In prejudging like this, you are 'smearing' the\xe2\x80\xa6"""
255,b'RT @the_hindu: This is the first time in recent history that the leaders of the two largest democracies would be addressing a joint rally a\xe2\x80\xa6'
256,"b'1/3: #scotus legitimacy #clarencethomas #trump #kavanaugh #metoo #Impeachment,""My history with the Thomas case is a\xe2\x80\xa6 https://t.co/7lnVgSxl3A'"
257,"b""RT @amjoyshow: .@RepMaxineWaters on #Trump: We've subpoenaed many of his operations https://t.co/h6gQgVdRxk via @amjoyshow"""
258,b'@BrianKarem @realDonaldTrump Justice Dept come to his rescue??? Talk about overt abuse of power by #Trump. That\xe2\x80\x99s h\xe2\x80\xa6 https://t.co/gUVU2GJa18'
259,b'RT @AndyOstroy: @realDonaldTrump Must you always come off like an insane buffoon? #Trump'
260,b'There is more to our Eternal Oath than the paper it is pressed upon. Our Talisman is not merely a decoration. Our a\xe2\x80\xa6 https://t.co/wafiJAMiPS'
261,b'The US Is About to Do Something Big on #HongKong https://t.co/g3u8FeE4MG #HongKongProtesters #HongKongProtests\xe2\x80\xa6 https://t.co/MGL5TYcgP0'
262,"b""RT @Manny_Funes: Ted Cruz says that  #Trump has broken the Democratic Party' \n\nI disagree. I think \n@tedcruz is wrong \n@realDonaldTrump has\xe2\x80\xa6"""
263,b'@rihanna @PrimeVideo @djkhaled @halsey @BigSean @Migos @fatjoe @ASAPferg @myfabolouslife @TierraWhack Tryna make so\xe2\x80\xa6 https://t.co/YE6FWpfCLR'
264,b'RT @jsblokland: Bloomberg on #SaudiArabia #oil facility attack:\n-5% of global oil supply disrupted.\n-disruption bigger than in 1990 when #I\xe2\x80\xa6'
265,b'RT @GarethPorter: That Houthi drone strike on the heart of the Saudi oil export system with Iranian technology is a death blow to the idea\xe2\x80\xa6'
266,b'RT @ve10ve: #Wisconsin: likely to be the tipping-point state!\n\n+4 years of a \xf0\x9f\x87\xb7\xf0\x9f\x87\xba racist  #PutinsPuppet? NO!\n\n2 new #Trump #SC judges? NO!\n\nS\xe2\x80\xa6'
267,b'RT @AnIllicitWriter: Citizens for Ethics | Comparative Costs of the Mueller Investigation \n\n#TrumpRally #Resist #TrumpSlump #TrumpIsARacist\xe2\x80\xa6'
268,"b'RT @BabakTaghvaee: #BREAKING: Two hours ago, #Trump administration released Satellite images &amp; proved that No #Houthi drone was involved in\xe2\x80\xa6'"
269,"b""RT @crispalomino: #Trump is willing to distract us into possible war. He'll either go too far and drag us into war, or he'll find some way\xe2\x80\xa6"""
270,"b""#BuildTheWall #BuildThatWall #BorderPatrol this is what we're trying to keep out. #MAGA2020 #Trump #Conservative https://t.co/cfyQ3yFKmD"""
271,"b'RT @Joyce_Karam: #Trump tweets on #Saudi Attack:\n\n\xe2\x80\xa2 Gives Riyadh leverage +US backing\n\xe2\x80\xa2 Doesn\xe2\x80\x99t Name Iran , leaving room\n\xe2\x80\xa2 Lays out options\xe2\x80\xa6'"
272,"b""It's ALL about the life of a little baby! SANTORUM takes on leftist mindset #CNN that unborn children's lives don't\xe2\x80\xa6 https://t.co/35CEEIQ8BN"""
273,"b'RT @Pankaj_Sharmas: So whoever managed to convince Trump to attend #HowdyModi, is a super intelligent diplomat! \n\nThis event will be on Sep\xe2\x80\xa6'"
274,b'RT @ImpeachTrump012: Studies have shown that thoughts and prayers are 0% effective against guns and hurricanes. #Trump #ImpeachTrump #MAGA'
275,b'Republican Terrorist Party @realDonaldTrump @seanhannity #Treason #Trump #Loser https://t.co/0OmtPU1bHA'
276,b'@Reuters #Trump happened'
277,"b""RT @PressTV: US 'locked and loaded depending on verification' of attack on Saudi oil facilities: #Trump https://t.co/GOQzDyCEqZ \n\n#SaudiAra\xe2\x80\xa6"""
278,b'RT @mayawiley: #Trump says #DOJ should step in to help #Kavanaugh. THAT is NOT the job of the Justice department. What should have been it\xe2\x80\x99\xe2\x80\xa6'
279,b'RT @church143: @charliekirk11 Every time Biden opens his mouth lies are told. #MAGA #QANON #KAG #TWGRP #TRUMP'
280,"b'RT @mikandynothem: Strangest thing...\xf0\x9f\xa4\x94 Conservative women who support #Trump are beautiful, happy and smiling. Women who hate the President\xe2\x80\xa6'"
281,b'#Trump Baby\xe2\x80\x99s #UK Visit - Christopher Oldcorn on #Patreon\n\n#blog #essay #news #politics #government #populist\xe2\x80\xa6 https://t.co/Y7F3lLvHoI'
282,"b'#Trump merit based immigration vs Dems ""allow any violent  criminal, terrorist in"" policy will help Indian American\xe2\x80\xa6 https://t.co/kOda9Xo21m'"
283,b'RT @mayawiley: #Trump says #DOJ should step in to help #Kavanaugh. THAT is NOT the job of the Justice department. What should have been it\xe2\x80\x99\xe2\x80\xa6'
284,"b""RT @JimKilbane: I've got a #FridayFeeling That afterUwatch this #trump supporter wearing his #MakeAmericaGreatAgain hat running in2a pole w\xe2\x80\xa6"""
285,"b'#Trump @realDonaldTrump\nSome 46,000 General Motors auto workers strike in US\nhttps://t.co/kywKiFlAZU'"
286,"b""RT @DanielPipes: #Iran's massive damage to the #Saudi oil processing plant at #Abqaiq appears to have a substantial silver lining:\n\n- It ab\xe2\x80\xa6"""
287,"b""RT @AnIllicitWriter: Infographics | Trump's Revealing Neckties\n\n#ObamaOutdidTrump #Resistance #Trump #Racist #ImpeachNow #EqualityCantWait\xe2\x80\xa6"""
288,b'RT @NYCREMilton: #lockedandloaded\n#Trump official: #Iran launched 12 cruise missiles at #Saudi facilities https://t.co/VbIeCxCm0V'
289,"b'What #donaldtrump won\'t tell his followers is that ""#China worst year in 27 years"" is still a #GDP growth of 6.3%\xe2\x80\xa6 https://t.co/ehZxM4FF0S'"
290,"b'RT @mikandynothem: Strangest thing...\xf0\x9f\xa4\x94 Conservative women who support #Trump are beautiful, happy and smiling. Women who hate the President\xe2\x80\xa6'"
291,b'RT @AnIllicitWriter: Infographic | Gaslighter\xe2\x80\x93in\xe2\x80\x93Chief?\n\n#ObamaOutdidTrump #Resistance #Trump #Racist #ImpeachNow #EqualityCantWait #FactsM\xe2\x80\xa6'
292,b'Do You Like Popeyes or Chick-fil-a Better?\xe2\x9e\xa1\xef\xb8\x8f\xe2\x8f\xa9\xe2\x8f\xa9https://t.co/FyajguA17Y\n\n#SundayNightFootball #bangladesh @lukeharper\xe2\x80\xa6 https://t.co/ROnS0CEun3'
293,b'RT @AnIllicitWriter: Violence In The Name Of Donald J. Trump | Dozens of Trump supporters have carried out or threatened acts of violence.\xe2\x80\xa6'
294,b'RT @i24NEWS_EN: #BREAKING: Iran says there will be no meeting between #Rouhani and #Trump at the UN General Assembly\nhttps://t.co/w4cFGMyaQn'
295,"b'#KellyanneConway saying it\'s \xe2\x80\x9cunconstitutional\xe2\x80\x9d to embarrass #PABPOTUS #Trump is like saying it\'s ""unconstitutional\xe2\x80\xa6 https://t.co/pNoIEsDeVq'"
296,b'RT @mayawiley: #Trump who has been accused by of #sexualmisconduct including #rape by abt 2 dozen women over the yrs : ...\xe2\x80\x9dyou\xe2\x80\x99ve got to de\xe2\x80\xa6'
297,"b""RT @DanielPipes: #Iran's massive damage to the #Saudi oil processing plant at #Abqaiq appears to have a substantial silver lining:\n\n- It ab\xe2\x80\xa6"""
298,b'Republican Terrorist Party @realDonaldTrump @seanhannity #Treason #Trump #Loser https://t.co/SYEtmodxzl'
299,b'So #Trump has gone from potential peace talks with Taliban to potential war with Iran in less then a week? Seriousl\xe2\x80\xa6 https://t.co/sofKr0xaBP'
300,b'RT @i24NEWS_EN: #BREAKING: Iran says there will be no meeting between #Rouhani and #Trump at the UN General Assembly\nhttps://t.co/w4cFGMyaQn'
301,"b'RT @carlyinNJ: @CheriJacobus @lauferlaw Always had concerns about George Conway, has he been playing the #Resistance? Just sayin, Kellyanne\xe2\x80\xa6'"
302,"b""RT @AndyOstroy: .@brithume...how do you know it's a smear? Nothing's been investigated yet. In prejudging like this, you are 'smearing' the\xe2\x80\xa6"""
303,b'RT @DebraMessing: 37 INDICTMENTS \n\n10 ACTS OF COLLUSION\n\nCOUNTLESS ACTS OF CORRUPTION\n\nDon\xe2\x80\x99t fall for distractions. #IMPEACHMENTHEARINGS ar\xe2\x80\xa6'
304,"b'RT @BabakTaghvaee: #BREAKING: Two hours ago, #Trump administration released Satellite images &amp; proved that No #Houthi drone was involved in\xe2\x80\xa6'"
305,"b""RT @naimish9558: After Modi's Invitation, Trump be like\n#HowdyModi \n#trump https://t.co/tSWEVRq1nr"""
306,"b'RT @AssangeMrs: This ""Q"" nonsense about my son Julian is a psop!\n\nDesigned to deter people from protesting to protect Julian\n\nThe #Trump ad\xe2\x80\xa6'"
307,b'\xe2\x80\x98He\xe2\x80\x99s a businessman\xe2\x80\x99: One of Hong Kong\xe2\x80\x99s most prominent activists is urging Trump to back the pro-democracy movemen\xe2\x80\xa6 https://t.co/RlbbWYHvyk'
308,b'@TulsiGabbard @flash53 @realDonaldTrump #Trump is a #SaudiBitch &amp; #PutinsBitch! American consumers pay the #tariffs\xe2\x80\xa6 https://t.co/QsVM1e0ADb'
309,b'RT @amjoyshow: .@RepMaxineWaters: All six committees that are investigating are going to come up with the reasons why they think #Trump sho\xe2\x80\xa6'
310,"b""#lockedandloaded\n#Trump: #US 'locked and loaded' against attackers of #Saudi oil facility 'depending on verificatio\xe2\x80\xa6 https://t.co/xKr1SMTKs1"""
311,"b'By @GeorgeCahlink: #Trump, House GOP agree on key to 2020 win: #GreenNewDeal https://t.co/WCCjsJ8nhi #ClimateChange\xe2\x80\xa6 https://t.co/OnkBKQ3jOR'"
312,b'RT @zeusFanHouse: Here We Go Again:2020 #Democrats Call For #Impeaching #Kavanaugh After New Allegation Surfaces\n\nLeft renews efforts 2 rem\xe2\x80\xa6'
313,"b'RT @mikandynothem: Strangest thing...\xf0\x9f\xa4\x94 Conservative women who support #Trump are beautiful, happy and smiling. Women who hate the President\xe2\x80\xa6'"
314,"b'This is why foreign policy, especially where hotspots like #Yemen are concerned, is so important and it is also why\xe2\x80\xa6 https://t.co/SBvPP7VGVs'"
315,b'RT @jsblokland: Bloomberg on #SaudiArabia #oil facility attack:\n-5% of global oil supply disrupted.\n-disruption bigger than in 1990 when #I\xe2\x80\xa6'
316,b'@TimInHonolulu @TheArabSource Also:\n\nTo avoid distruction form US Tomahawk missiles Iran should just buy the 46th f\xe2\x80\xa6 https://t.co/FCKTMfGoCM'
317,"b""RT @Emolclause: #BREAKING:So LYIN @tedcruz, who has given up all his Republican ideals in support of #Trump, showed up on #ABC's #ThisWeek\xe2\x80\xa6"""
318,b'Glad I\xe2\x80\x99m Not an Alabama Abuse Victim | Christopher Oldcorn on #Patreon - via @pensignal #blog #essay #politics\xe2\x80\xa6 https://t.co/iVBOUa22a1'
319,"b""RT @naimish9558: After Modi's Invitation, Trump be like\n#HowdyModi \n#trump https://t.co/tSWEVRq1nr"""
320,b'RT @jsblokland: Bloomberg on #SaudiArabia #oil facility attack:\n-5% of global oil supply disrupted.\n-disruption bigger than in 1990 when #I\xe2\x80\xa6'
321,"b'RT @mikandynothem: Strangest thing...\xf0\x9f\xa4\x94 Conservative women who support #Trump are beautiful, happy and smiling. Women who hate the President\xe2\x80\xa6'"
322,"b'RT @mikandynothem: Strangest thing...\xf0\x9f\xa4\x94 Conservative women who support #Trump are beautiful, happy and smiling. Women who hate the President\xe2\x80\xa6'"
323,"b'RT @mikandynothem: Strangest thing...\xf0\x9f\xa4\x94 Conservative women who support #Trump are beautiful, happy and smiling. Women who hate the President\xe2\x80\xa6'"
324,b'RT @mayawiley: #Trump who has been accused by of #sexualmisconduct including #rape by abt 2 dozen women over the yrs : ...\xe2\x80\x9dyou\xe2\x80\x99ve got to de\xe2\x80\xa6'
325,"b""RT @Soundarya_Offl: #JustAsking :\n\nWho's ur favorite #90s hero...?\n\n#Chiranjeevi #Venkatesh #Balakrishna #Nagarjuna\n#Evaru #Trump #GangLead\xe2\x80\xa6"""
326,"b'RT @Conceptengager: ""(*Being) One #NATION under #GOD\n Do {we} Need to *Reclarify,\n #IN THIS #TRUMP [#AGE/#ERA],\n WHO #GOD Truly (IS)?!""\n *h\xe2\x80\xa6'"
327,"b""#CORRUPTION reigns in #Trump's @WhiteHouse! #CorruptGOP #CorruptTrump #CorruptIRSCommissioner! \n\n#USA is being RUIN\xe2\x80\xa6 https://t.co/V7KzMwTCTg"""
328,b'But do you call out @realDonaldTrump for wanting Jillian Assange extradited to the USA? Do know Julian Assange is a\xe2\x80\xa6 https://t.co/zLPIqhNoUc'
329,"b'#Trump ""Locked &amp; Loaded"" for #Iran over Saudi Arabia (claimed by Houthis ) https://t.co/q3jC0WxLaa'"
330,b'Russian and Chinese puppet state leaders to meet in Washington this week.\n#auspol #morrison #trump https://t.co/SklmLaSHPX'
331,"b""@haaretzcom Perhaps if #Trump had been a lot less threatening, left the Obama agreement alone, got off #Israel 's t\xe2\x80\xa6 https://t.co/Dh0ZF2BBpe"""
332,b'@brianklaas To avoid distruction form US Tomahawk missiles Iran should just buy the 46th floor of #Trump Tower &amp; fi\xe2\x80\xa6 https://t.co/MmzDx3bDN6'
333,"b""RT @mterr337: #trump to #Pelosi and Schumer: 'Let me give Wayne a call and I'll get back to you.'\n#satire\n\nhttps://t.co/YvDbJ78pCl"""
334,b'RT @i24NEWS_EN: #BREAKING: Iran says there will be no meeting between #Rouhani and #Trump at the UN General Assembly\nhttps://t.co/w4cFGMyaQn'
335,b'RT @mayawiley: #Trump says #DOJ should step in to help #Kavanaugh. THAT is NOT the job of the Justice department. What should have been it\xe2\x80\x99\xe2\x80\xa6'
336,"b'RT @mikandynothem: Strangest thing...\xf0\x9f\xa4\x94 Conservative women who support #Trump are beautiful, happy and smiling. Women who hate the President\xe2\x80\xa6'"
337,"b'RT @joefaz: Mental problems infest autocratic governments, but many people in the US are showing the same symptoms &amp; are suffering under #t\xe2\x80\xa6'"
338,"b""White House confirms President Donald Trump's participation at 'Howdy Modi' event\n#HowdyModi #Trump #PM #WhiteHouse #politics"""
339,b'@KHShan There\xe2\x80\x99s never been a country that #JohnBolton didn\xe2\x80\x99t want to bomb. He\xe2\x80\x99s been an advocate of aggressive war\xe2\x80\xa6 https://t.co/XxzNR5stN0'
340,b'RT @mummy_janet: Sugar babies needed first 5 to like and rt/DM will get $2000 each....\n#SugarBabies #sugarbabywanted\n#sugarbabyneeded\n#suga\xe2\x80\xa6'
341,b'RT @church143: @DeneseLivengood Alot of people gave up on us #MAGA #QANON #KAG #TWGRP #TRUMP THATS GOOD THEY DIDNT MIND POISONING US MONSAN\xe2\x80\xa6'
342,b'RT @AnIllicitWriter: Infographic | #GOP Ownership\n\n#GunReformNow #GunControlNow #Trump #Odessa #MidlandShooting #EnoughIsEnough #MassacreMi\xe2\x80\xa6'
343,b'RT @mummy_janet: Sugar babies needed first 5 to like and rt/DM will get $2000 each....\n#SugarBabies #sugarbabywanted\n#sugarbabyneeded\n#suga\xe2\x80\xa6'
344,"b""RT @DanielPipes: #Iran's massive damage to the #Saudi oil processing plant at #Abqaiq appears to have a substantial silver lining:\n\n- It ab\xe2\x80\xa6"""
345,"b""RT @gulf_news: #WhiteHouse confirms #Trump's participation at #HowdyModi event https://t.co/1bWinysPhs"""
346,"b""The objective is to Beat #Trump! \nIf #JoeBiden end up becoming the #DemocraticParty's candidate, ALL HANDS should,\xe2\x80\xa6 https://t.co/AULP37Z5ID"""
347,"b""RT @AndyOstroy: .@brithume...how do you know it's a smear? Nothing's been investigated yet. In prejudging like this, you are 'smearing' the\xe2\x80\xa6"""
348,"b'@BookPitcher Maybe One of the ""Committee"" should ask #JudgeKennedy that question, because his son work 4\xe2\x80\xa6 https://t.co/sdEzieKVNU'"
349,b'RT @BeholdIsrael: The Iranian foreign ministry just issued a statement that there will be no meeting between #Iran\xe2\x80\x99s President #Rouhani and\xe2\x80\xa6'
350,"b""RT @AndrewCrines: So, it's #WelcomeWeek! Will be great to meet lots of new people, and catch up with the old guard! It's going to be one he\xe2\x80\xa6"""
351,"b""40 #Iranian universities among THE's World University Rankings 2020\xc2\xa0\xc2\xa0Tehran Times TEHRAN - Times Higher Education h\xe2\x80\xa6 https://t.co/HjaWTtZqfK"""
352,b'RT @zeusFanHouse: Here We Go Again:2020 #Democrats Call For #Impeaching #Kavanaugh After New Allegation Surfaces\n\nLeft renews efforts 2 rem\xe2\x80\xa6'
353,b'#Trump says U.S. \xe2\x80\x98locked and loaded\xe2\x80\x99 as #Iran blamed for Saudi attack https://t.co/lf2gn6RsX3   F THAT just an excu\xe2\x80\xa6 https://t.co/PEZWDmIBEC'
354,b'RT @morphonios: I want to thank #Trump supporters from the bottom of my heart.  I cannot think of a better way you could have protected my\xe2\x80\xa6'
355,b'RT @BeholdIsrael: The Iranian foreign ministry just issued a statement that there will be no meeting between #Iran\xe2\x80\x99s President #Rouhani and\xe2\x80\xa6'
356,"b'#Trump fully aware that Tehran behind #SaudiAttack, wants #SaudiArabia to acknowledge that before acting, official\xe2\x80\xa6 https://t.co/10gz84X1BA'"
357,"b'@BW YOU STILL VOTING FOR DONALD ""THE CRIMINAL -CON"" #TRUMP? #Farmers #CoalMiner #AUTOWORKERS #Manufacturing\xe2\x80\xa6 https://t.co/XElS1aK5ud'"
358,"b""RT @Manny_Funes: Ted Cruz says that  #Trump has broken the Democratic Party' \n\nI disagree. I think \n@tedcruz is wrong \n@realDonaldTrump has\xe2\x80\xa6"""
359,"b'RT @mikandynothem: Strangest thing...\xf0\x9f\xa4\x94 Conservative women who support #Trump are beautiful, happy and smiling. Women who hate the President\xe2\x80\xa6'"
360,"b""So, it's #WelcomeWeek! Will be great to meet lots of new people, and catch up with the old guard! It's going to be\xe2\x80\xa6 https://t.co/rAUflbYBCn"""
361,b'RT @zeusFanHouse: Here We Go Again:2020 #Democrats Call For #Impeaching #Kavanaugh After New Allegation Surfaces\n\nLeft renews efforts 2 rem\xe2\x80\xa6'
362,b'RT @AndyOstroy: @TheRickWilson Absolutely. Given that we have a dangerous pathologically-lying sexist racist corrupt sociopath traitor squa\xe2\x80\xa6'
363,"b""RT @UnstrippedVoice: VIDEO THREAD: \n\nAfter @Tip, @KatrinaPierson, and @RealCandaceO get into it about #Trump's moves ... @KillerMike steps\xe2\x80\xa6"""
364,b'RT @AnIllicitWriter: An Oral History of Trump\xe2\x80\x99s Bigotry\n\nhttps://t.co/cEdzOjdD8W #Racism #QAnon #Resistance #Impeach #Resist #Trump #Bigotr\xe2\x80\xa6'
365,b'@Northsiders1985 @poisoncarac @JuddLegum \xe2\x98\x9d\xef\xb8\x8f\xe2\x98\x9d\xef\xb8\x8f\xe2\x98\x9d\xef\xb8\x8f #TrollbotsForTrump \xe2\x9d\xa4\xef\xb8\x8f #KavanaughLied \n\n25 witnesses who volunteered\xe2\x80\xa6 https://t.co/oK21aDaaMl'
366,b'@pcardh1 @MFishbowl @nytimes @paulkrugman You got to realize that all Trump did was take advantage on an already br\xe2\x80\xa6 https://t.co/76SIxIwkAU'
367,"b'RT @HaroldAndMaued: @SecPompeo Pompeo! You son of a bitch! I knew that human life means nothing to you, but now we find out about your crue\xe2\x80\xa6'"
368,b'How long do you think it\xe2\x80\x99ll take #IdiotTrump to invade Iran? Before or after he finds out they\xe2\x80\x99re not at fault.\xe2\x80\xa6 https://t.co/bsb1ygEcxw'
369,b'RT @brkily: in front of the whole world #Netanyahu is leading #Israel in a government sanctioned and #Trump approved program of #EthnicClea\xe2\x80\xa6'
370,b'RT @EstefaniaRobin2: @realDonaldTrump Clowns &amp; more Clowns \xf0\x9f\xa4\xa1\xf0\x9f\xa4\x91\xf0\x9f\x92\xb0\n\nDo not fall victim to con artists.\nUse LOGIC.\nStay on point.\nThis is NOT ab\xe2\x80\xa6'
371,"b'RT @Joyce_Karam: #Trump tweets on #Saudi Attack:\n\n\xe2\x80\xa2 Gives Riyadh leverage +US backing\n\xe2\x80\xa2 Doesn\xe2\x80\x99t Name Iran , leaving room\n\xe2\x80\xa2 Lays out options\xe2\x80\xa6'"
372,b'US Pensions Under More Pressure to Divest From Chinese Securities https://t.co/rKyB6kFDJv #trump'
373,b'RT @zeusFanHouse: Here We Go Again:2020 #Democrats Call For #Impeaching #Kavanaugh After New Allegation Surfaces\n\nLeft renews efforts 2 rem\xe2\x80\xa6'
374,b'RT @EstefaniaRobin2: Picture of \xf0\x9f\xa4\xa1\xf0\x9f\xa4\xa1 with the \xf0\x9f\xa4\xa1\n[They] use Premeditated Psyop\n[They] use Division Tactics\n[They] use Conspiracy Push\n#QAnon\xe2\x80\xa6'
375,b'RT @jsblokland: Bloomberg on #SaudiArabia #oil facility attack:\n-5% of global oil supply disrupted.\n-disruption bigger than in 1990 when #I\xe2\x80\xa6'
376,b'RT @jsblokland: Bloomberg on #SaudiArabia #oil facility attack:\n-5% of global oil supply disrupted.\n-disruption bigger than in 1990 when #I\xe2\x80\xa6'
377,"b'RT @BabakTaghvaee: #BREAKING: Two hours ago, #Trump administration released Satellite images &amp; proved that No #Houthi drone was involved in\xe2\x80\xa6'"
378,"b'RT @ZainabFattah: After the attack on #Saudi Arabia, what are Mohammed bin Salman\xe2\x80\x99s options and which is he likely to deploy? https://t.co/\xe2\x80\xa6'"
379,b'RT @kaistha_deepak: Haphazard #Biden or Methodical #Warren.Who\xe2\x80\x99s better at Trade?\n#WarrenBeatsTrump\n#trump\n#dkoding https://t.co/WSM8fnMIuT'
380,b'#DonaldTrump identifies with men like him - #SexualPredators &amp; dictators.\n\n#Trump is all-in for #SexualPredators Br\xe2\x80\xa6 https://t.co/0CN8euqRVZ'
381,b'@TomthunkitsMind @CraigLiddell58 #Trump &amp; his enablers on Faux News &amp; Russian bot farms always point the fingers at\xe2\x80\xa6 https://t.co/niHGTUH7zd'
382,b'RT @amjoyshow: .@RepMaxineWaters: All six committees that are investigating are going to come up with the reasons why they think #Trump sho\xe2\x80\xa6'
383,b'RT @i24NEWS_EN: #BREAKING: Iran says there will be no meeting between #Rouhani and #Trump at the UN General Assembly\nhttps://t.co/w4cFGMyaQn'
384,"b""RT @amjoyshow: .@RepMaxineWaters on #Trump: We've subpoenaed many of his operations https://t.co/h6gQgVdRxk via @amjoyshow"""
385,"b'RT @koushikdas47: The #Trump administration has authorized a Florida man to bring back the \xe2\x80\x9cskin, skull, teeth and claws\xe2\x80\x9d of a #Lion he hun\xe2\x80\xa6'"
386,"b'RT @carlyinNJ: @CheriJacobus @lauferlaw Always had concerns about George Conway, has he been playing the #Resistance? Just sayin, Kellyanne\xe2\x80\xa6'"
387,b'RT @AnIllicitWriter: Infographic | The World According to Donald Trump \n\n#GOPCowards #RacistPresident #RacistTrump #ImpeachTrump #Resist #Q\xe2\x80\xa6'
388,"b'Threatening New War for Oil, Donald Trump Calls His Own Offer of Iran Talks \xe2\x80\x9cFake News\xe2\x80\x9d\nhttps://t.co/VLGYBLlemS #Trump #Iranian #SaudiArabia'"
389,b'RT @PHuberious: rachel maddow is an american hero. she is the equivalent of a american soldier on dday getting blown up into a million piec\xe2\x80\xa6'
390,"b""RT @gulf_news: #WhiteHouse confirms #Trump's participation at #HowdyModi event https://t.co/1bWinysPhs"""
391,b'@GeorgeTakei We need a Robin Williams comedy routine about #trump ! OMG! You know it would have been magnificent!'
392,"b'#Iran will not be cowed by #US aggression. And anyway, the (John #Bolton) witch is dead. #Trump may actually get th\xe2\x80\xa6 https://t.co/Ks4kJDbYID'"
393,"b'RT @Joyce_Karam: #Trump tweets on #Saudi Attack:\n\n\xe2\x80\xa2 Gives Riyadh leverage +US backing\n\xe2\x80\xa2 Doesn\xe2\x80\x99t Name Iran , leaving room\n\xe2\x80\xa2 Lays out options\xe2\x80\xa6'"
394,b'RT @GargiRawat: The replies to this ... Americans are so bemused #Trump #Modi https://t.co/r3VBCY35lV'
395,b'Given the massive move in #crude today it would be interesting to see the impact of previous major disruptions.\xe2\x80\xa6 https://t.co/20HLTNwuau'
396,"b'Green New Deal: Key Principles, Supporters, and Opponents - via @smedian_network\n\n.@Medium #medium #blog #essay\xe2\x80\xa6 https://t.co/YEAYWVMb5e'"
397,b'Why this fuss? 7 Eleven and 9/11 are just 2 days apart. \xf0\x9f\x98\x89\n\nhttps://t.co/1GxQFMBFsh #Trump #7eleven #911'
398,b'Trump allows oil release from Strategic Petroleum Reserve #Trump #Whitehouse #Political https://t.co/CKNyHY1AfH'
399,b'RT @mayawiley: #Trump says #DOJ should step in to help #Kavanaugh. THAT is NOT the job of the Justice department. What should have been it\xe2\x80\x99\xe2\x80\xa6'
400,b'RT @jsblokland: Bloomberg on #SaudiArabia #oil facility attack:\n-5% of global oil supply disrupted.\n-disruption bigger than in 1990 when #I\xe2\x80\xa6'
401,b'Hitler Germany November 12 1933 - via @smedian_network\n\n.@Medium #medium #blog #essay #politics #news #government\xe2\x80\xa6 https://t.co/OSa7Df3s5m'
402,b'#Trump Tweets Decodes for 9/15/2019 https://t.co/Be3uXjFg2e via @YouTube'
403,"b""RT @KevinMcshea: Guy who can't even tell the truth about a weather report .... Republican Terrorist Party @realDonaldTrump @seanhannity #Tr\xe2\x80\xa6"""
404,b'RT @AndyOstroy: @realDonaldTrump Shame on you. But not a surprise. One sexual-abuser defending and protecting another... #Trump #KavanaughR\xe2\x80\xa6'
405,b'RT @Miami_Rebelde: WARNING these two accounts spy on Leftists here. They are also working together to report Left Wing profiles. Please rep\xe2\x80\xa6'
406,b'#Trump\xe2\x80\x99s decision to withhold military aid to #Ukraine has again drawn attention to the rationality of Ukraine\xe2\x80\x99s wa\xe2\x80\xa6 https://t.co/0tE3qeqbKl'
407,"b""#WhiteHouse confirms #Trump's participation at #HowdyModi event https://t.co/1bWinysPhs"""
408,b'RT @zeusFanHouse: Here We Go Again:2020 #Democrats Call For #Impeaching #Kavanaugh After New Allegation Surfaces\n\nLeft renews efforts 2 rem\xe2\x80\xa6'
409,"b'@girlsreallyrule @pgmckim ""WE"" want 2know about:\nThe ""Committee"" should ask #JudgeKennedy that question, because hi\xe2\x80\xa6 https://t.co/NIsHTiwjPM'"
410,"b""RT @morphonios: Don't think #Trump is controlled by #Netanyahu? Just read what this Jewish publication had to say today. Netanyahu clearly\xe2\x80\xa6"""
411,b'RT @i24NEWS_EN: #BREAKING: Iran says there will be no meeting between #Rouhani and #Trump at the UN General Assembly\nhttps://t.co/w4cFGMyaQn'
412,b'RT @jsblokland: Bloomberg on #SaudiArabia #oil facility attack:\n-5% of global oil supply disrupted.\n-disruption bigger than in 1990 when #I\xe2\x80\xa6'
413,b'@BloombergQuint #CrudeOil can barely or struggling to hold above 60 ...\n#Saudi #Aramco says no shortage of supply\xe2\x80\xa6 https://t.co/C8imzkOOMr'
414,"b""RT @morphonios: Don't think #Trump is controlled by #Netanyahu? Just read what this Jewish publication had to say today. Netanyahu clearly\xe2\x80\xa6"""
415,b'RT @AndyOstroy: @TheRickWilson Absolutely. Given that we have a dangerous pathologically-lying sexist racist corrupt sociopath traitor squa\xe2\x80\xa6'
416,b'Locked &amp; Loaded but waiting to extract more funds from #KSA. Still #Saudiarabia did not accused #Iran but #Trump di\xe2\x80\xa6 https://t.co/ZbYSEoFghR'
417,"b'@votevets ""Would be not be""? WTF is that??? Take a break &amp; think before you post.\xf0\x9f\x99\x84 Draw it out with crayons if you\xe2\x80\xa6 https://t.co/QF43rAulz6'"
418,"b'RT @MarshaPatriot: Over a Million Households Climbed to Middle Class Under Trump, Census Data Shows\n\n\xe2\x98\x84\xef\xb8\x8fBig shout out to \xe2\x81\xa6@POTUS\xe2\x81\xa9 - you are\xe2\x80\xa6'"
419,b'RT @i24NEWS_EN: #BREAKING: Iran says there will be no meeting between #Rouhani and #Trump at the UN General Assembly\nhttps://t.co/w4cFGMyaQn'
420,b'RT @amjoyshow: .@RepMaxineWaters: All six committees that are investigating are going to come up with the reasons why they think #Trump sho\xe2\x80\xa6'
421,b'RT @mayawiley: #Trump who has been accused by of #sexualmisconduct including #rape by abt 2 dozen women over the yrs : ...\xe2\x80\x9dyou\xe2\x80\x99ve got to de\xe2\x80\xa6'
422,b'#lockedandloaded\n#Trump official: #Iran launched 12 cruise missiles at #Saudi facilities https://t.co/VbIeCxCm0V'
423,b'#BREAKING: Iran says there will be no meeting between #Rouhani and #Trump at the UN General Assembly\nhttps://t.co/w4cFGMyaQn'
424,b'RT @mayawiley: #Trump who has been accused by of #sexualmisconduct including #rape by abt 2 dozen women over the yrs : ...\xe2\x80\x9dyou\xe2\x80\x99ve got to de\xe2\x80\xa6'
425,b'RT @jsblokland: Bloomberg on #SaudiArabia #oil facility attack:\n-5% of global oil supply disrupted.\n-disruption bigger than in 1990 when #I\xe2\x80\xa6'
426,"b'RT @AssangeMrs: This ""Q"" nonsense about my son Julian is a psop!\n\nDesigned to deter people from protesting to protect Julian\n\nThe #Trump ad\xe2\x80\xa6'"
427,"b'RT @Mr_and_Mrs_Fox: #Malcolm #X\n\n#I #am #for #truth, #no #matter #who #tells #it. I am for #justice, no matter who it is #for #or #against.\xe2\x80\xa6'"
428,b'RT @the_hindu: This is the first time in recent history that the leaders of the two largest democracies would be addressing a joint rally a\xe2\x80\xa6'
429,"b'RT @Pankaj_Sharmas: So whoever managed to convince Trump to attend #HowdyModi, is a super intelligent diplomat! \n\nThis event will be on Sep\xe2\x80\xa6'"
430,"b""@mazzenilsson The shadow of Karl Rove looms over US foreign policy in all its darkness\n\nGetting rid of Bolton didn'\xe2\x80\xa6 https://t.co/uftCPyoe37"""
431,b'RT @Mr_and_Mrs_Fox: #HISTORY OF #EMAIL #CORRESPONDENCE\n\n#TO:\n\n#TurnYe #TurnYe\n#Why will ye [#SPIRITUALLY] die?\nO #House of Israel [#CHURCH]\xe2\x80\xa6'
432,b'RT @BennettCartoons: 8/28/2019- Farmers #TradeWar #tradewars #tariffs #farmers #farms #Trumponomics #Trump https://t.co/jhDJwpBZIl https://\xe2\x80\xa6'
433,b'RT @AnIllicitWriter: An Oral History of Trump\xe2\x80\x99s Bigotry\n\nhttps://t.co/cEdzOjdD8W #Racism #QAnon #Resistance #Impeach #Resist #Trump #Bigotr\xe2\x80\xa6'
434,b'#lockedandloaded\n#Trump: We know the culprit behind attack on #Saudi #oil facilities https://t.co/sxBmAxz1gR'
435,b'RT @NATOSource: .@FT: To readmit #Russia to the G7 \xe2\x80\x9cwhich Mr #Macron and US president Donald #Trump have floated \xe2\x80\x94 while #Crimea remains an\xe2\x80\xa6'
436,"b""Guy who can't even tell the truth about a weather report .... Republican Terrorist Party @realDonaldTrump\xe2\x80\xa6 https://t.co/ca44ZdaOp7"""
437,b'RT @jsblokland: Bloomberg on #SaudiArabia #oil facility attack:\n-5% of global oil supply disrupted.\n-disruption bigger than in 1990 when #I\xe2\x80\xa6'
438,"b'RT @AssangeMrs: This ""Q"" nonsense about my son Julian is a psop!\n\nDesigned to deter people from protesting to protect Julian\n\nThe #Trump ad\xe2\x80\xa6'"
439,"b""RT @DanielPipes: #Iran's massive damage to the #Saudi oil processing plant at #Abqaiq appears to have a substantial silver lining:\n\n- It ab\xe2\x80\xa6"""
440,b'#Trump said US is \xe2\x80\x9clocked and loaded\xe2\x80\x9d after petroleum facility in Saudi Arabia got attacked by drone. @guardian\xe2\x80\xa6 https://t.co/3QXQHuYbLy'
441,"b'RT @mikandynothem: Strangest thing...\xf0\x9f\xa4\x94 Conservative women who support #Trump are beautiful, happy and smiling. Women who hate the President\xe2\x80\xa6'"
442,b'RT @AnIllicitWriter: An Oral History of Trump\xe2\x80\x99s Bigotry\n\nhttps://t.co/cEdzOjdD8W #Racism #QAnon #Resistance #Impeach #Resist #Trump #Bigotr\xe2\x80\xa6'
443,"b""RT @amjoyshow: .@RepMaxineWaters on #Trump: We've subpoenaed many of his operations https://t.co/h6gQgVdRxk via @amjoyshow"""
444,b'#Trump is a fucking asshole https://t.co/OoOEpmmbXA'
445,b'RT @jcheethamwriter: @realDonaldTrump Dear President #Trump\n\nThank you for making a humble Canadian realize how good he has it in a beautif\xe2\x80\xa6'
446,"b""RT @Manny_Funes: Ted Cruz says that  #Trump has broken the Democratic Party' \n\nI disagree. I think \n@tedcruz is wrong \n@realDonaldTrump has\xe2\x80\xa6"""
447,b'RT @mayawiley: #Trump says #DOJ should step in to help #Kavanaugh. THAT is NOT the job of the Justice department. What should have been it\xe2\x80\x99\xe2\x80\xa6'
448,"b""@lizmoblubuckeye @missykender Well, #Trump has said something about the #Democrats in general, tho I can't recall t\xe2\x80\xa6 https://t.co/sfuFjxQ7Cq"""
449,"b""RT @amjoyshow: .@RepMaxineWaters on #Trump: We've subpoenaed many of his operations https://t.co/h6gQgVdRxk via @amjoyshow"""
450,b'RT @BennettCartoons: 9/7/2019- Sharpie #sharpiegate #Sharpie #SharpiePresident #SharpieGate2019 #Trump #DonaldTrump #PresidentTrump  https:\xe2\x80\xa6'
451,"b'RT @YemenEye1: Nothing to see here, just the President of the United States using all his powers to continue genocide in Yemen.  By vetoing\xe2\x80\xa6'"
452,b'RT @zeusFanHouse: Here We Go Again:2020 #Democrats Call For #Impeaching #Kavanaugh After New Allegation Surfaces\n\nLeft renews efforts 2 rem\xe2\x80\xa6'
453,"b'RT @BabakTaghvaee: #BREAKING: Two hours ago, #Trump administration released Satellite images &amp; proved that No #Houthi drone was involved in\xe2\x80\xa6'"
454,"b'RT @Joyce_Karam: #Trump tweets on #Saudi Attack:\n\n\xe2\x80\xa2 Gives Riyadh leverage +US backing\n\xe2\x80\xa2 Doesn\xe2\x80\x99t Name Iran , leaving room\n\xe2\x80\xa2 Lays out options\xe2\x80\xa6'"
455,b'The #evil #Trump #America weighs response after #Iran denies role in crippling attacks on #Saudi oil facilities RT https://t.co/lDaLKEPDni'
456,b'The #TrumpAdministration  was contemplating what U.S. officials characterized as a serious military response &amp;\xe2\x80\xa6 https://t.co/oqg6BZ4DyB'
457,"b'So let me get this straight, its #Trump\xe2\x80\x99s fault that #Iran attaked #KSA?! \nWhat kind of apologist rationality is th\xe2\x80\xa6 https://t.co/EOiHosAxJ5'"
458,"b'@MaxBoot So let me get this straight, its #Trump\xe2\x80\x99s fault that #Iran attaked #KSA?! \nWhat kind of apologist rational\xe2\x80\xa6 https://t.co/WrgqQFJkg8'"
459,"b""RT @Manny_Funes: Ted Cruz says that  #Trump has broken the Democratic Party' \n\nI disagree. I think \n@tedcruz is wrong \n@realDonaldTrump has\xe2\x80\xa6"""
